"id","Created"
"12587",2016-04-19 11:20:11
"12595",2016-04-20 09:48:15
"12598",2016-04-20 12:51:00
"12600",2016-04-20 13:55:18
"12607",2016-04-21 10:13:46
"12634",2016-04-21 12:27:38
"12635",2016-04-21 16:14:07
"12639",2016-04-22 08:41:19
"12644",2016-04-22 16:29:41
"12651",2016-04-24 12:53:10
"12660",2016-04-25 11:57:38
"12662",2016-04-25 13:30:18
"12675",2016-04-26 15:17:26
"12692",2016-04-28 13:34:46
"12696",2016-04-28 16:39:24
"12697",2016-04-28 17:31:33
"12699",2016-04-28 17:31:34
"12702",2016-04-28 17:31:35
"12704",2016-04-28 17:31:36
"12703",2016-04-28 17:31:36
"12707",2016-04-28 17:31:38
"12706",2016-04-28 17:31:38
"12709",2016-04-28 17:31:39
"12708",2016-04-28 17:31:39
"12711",2016-04-28 17:31:40
"12713",2016-04-28 17:31:41
"12712",2016-04-28 17:31:41
"12715",2016-04-28 17:31:42
"12714",2016-04-28 17:31:42
"12720",2016-04-28 17:31:45
"12722",2016-04-28 17:31:46
"12725",2016-04-29 15:20:03
"12728",2016-04-29 20:20:04
"12731",2016-05-02 10:54:38
"12740",2016-05-03 09:10:03
"12742",2016-05-03 09:10:05
"12745",2016-05-03 09:10:07
"12746",2016-05-03 09:10:07
"12758",2016-05-04 10:20:04
"12782",2016-05-06 19:00:04
"12788",2016-05-09 14:40:04
"12795",2016-05-10 12:48:33
"12806",2016-05-11 17:32:30
"12811",2016-05-12 07:40:05
"12812",2016-05-12 07:40:06
"12813",2016-05-12 07:50:05
"12821",2016-05-12 14:50:04
"12823",2016-05-12 23:00:04
"12827",2016-05-16 08:20:04
"12836",2016-05-17 06:06:43
"12839",2016-05-17 11:08:51
"12840",2016-05-17 11:16:52
"12853",2016-05-19 16:14:27
"12860",2016-05-20 11:50:03
"12861",2016-05-21 01:44:49
"12866",2016-05-24 06:10:04
"12867",2016-05-24 06:20:03
"12868",2016-05-24 06:30:04
"12875",2016-05-25 11:05:06
"12877",2016-05-26 11:30:04
"12880",2016-05-27 11:36:13
"12881",2016-05-27 13:14:35
"12886",2016-05-30 05:23:14
"12894",2016-06-01 07:43:46
"12902",2016-06-02 04:50:04
"12917",2016-06-06 12:40:04
"12920",2016-06-06 18:06:33
"12930",2016-06-08 23:13:28
"12931",2016-06-09 10:10:04
"12937",2016-06-09 13:40:07
"12940",2016-06-10 08:56:37
"12941",2016-06-10 09:40:04
"12942",2016-06-10 09:40:05
"12945",2016-06-10 13:50:04
"12946",2016-06-10 14:50:04
"12963",2016-06-14 12:05:07
"12966",2016-06-14 18:40:04
"12967",2016-06-15 05:20:04
"12968",2016-06-15 07:59:50
"12985",2016-06-20 12:40:04
"12988",2016-06-21 08:18:32
"12989",2016-06-21 09:10:04
"12990",2016-06-21 10:50:04
"12991",2016-06-21 11:00:04
"12993",2016-06-21 11:10:04
"12994",2016-06-21 11:10:05
"12995",2016-06-21 11:10:06
"13028",2016-06-25 07:40:04
"13032",2016-06-27 05:21:50
"13033",2016-06-27 05:37:14
"13034",2016-06-27 12:00:03
"13039",2016-06-27 17:03:50
"13044",2016-06-28 12:10:04
"13046",2016-06-28 16:30:04
"13053",2016-07-01 12:47:45
"13054",2016-07-04 09:50:04
"13055",2016-07-04 10:00:04
"13056",2016-07-04 10:20:04
"13057",2016-07-04 16:53:32
"13062",2016-07-06 07:55:05
"13071",2016-07-07 08:30:03
"13072",2016-07-07 08:31:01
"13093",2016-07-10 17:03:32
"13097",2016-07-11 12:01:43
"13109",2016-07-12 11:54:31
"13110",2016-07-12 14:10:04
"13116",2016-07-13 12:42:49
"13120",2016-07-13 22:22:47
"13121",2016-07-14 08:41:22
"13124",2016-07-14 11:30:04
"13125",2016-07-14 11:30:05
"13144",2016-07-18 05:00:04
"13167",2016-07-20 18:00:03
"13189",2016-07-26 21:30:04
"13201",2016-08-01 12:59:03
"13213",2016-08-03 18:12:14
"13215",2016-08-04 04:30:05
"13217",2016-08-04 18:00:04
"13223",2016-08-05 13:09:01
"13225",2016-08-07 11:20:03
"13226",2016-08-08 12:22:28
"13233",2016-08-10 09:58:27
"13235",2016-08-10 14:00:11
"13248",2016-08-11 22:10:04
"13252",2016-08-12 14:10:04
"13262",2016-08-15 07:00:52
"13271",2016-08-15 16:50:03
"13272",2016-08-15 17:40:03
"13280",2016-08-16 10:50:03
"13281",2016-08-16 11:30:03
"13284",2016-08-18 06:37:16
"13291",2016-08-19 14:40:18
"13303",2016-08-23 11:15:09
"13318",2016-08-25 22:50:03
"13319",2016-08-25 23:10:03
"13322",2016-08-26 14:46:39
"13324",2016-08-27 00:20:03
"13325",2016-08-27 00:20:04
"13326",2016-08-27 00:30:03
"13327",2016-08-27 00:30:04
"13328",2016-08-27 13:30:04
"13333",2016-08-30 09:17:34
"13337",2016-08-30 17:39:39
"13339",2016-08-31 06:53:59
"13340",2016-08-31 07:25:03
"13342",2016-09-01 08:41:25
"13343",2016-09-01 10:00:04
"13349",2016-09-05 16:48:51
"13352",2016-09-07 00:46:59
"13362",2016-09-09 07:20:03
"13363",2016-09-09 07:20:04
"13378",2016-09-13 14:34:51
"13379",2016-09-13 14:56:05
"13380",2016-09-13 14:57:18
"13390",2016-09-14 17:01:19
"13398",2016-09-15 16:40:04
"13404",2016-09-16 14:21:09
"13407",2016-09-18 12:22:09
"13416",2016-09-20 09:20:03
"13417",2016-09-20 09:40:03
"13418",2016-09-20 10:00:03
"13419",2016-09-20 10:20:04
"13428",2016-09-21 12:00:03
"13429",2016-09-21 13:10:04
"13437",2016-09-22 19:14:36
"13449",2016-09-26 15:12:50
"13469",2016-09-30 11:00:07
"13483",2016-10-04 07:10:05
"13499",2016-10-06 08:00:09
"13504",2016-10-07 11:26:54
"13513",2016-10-10 10:30:03
"13516",2016-10-10 14:40:04
"13520",2016-10-10 21:25:14
"13531",2016-10-13 11:57:56
"13532",2016-10-13 15:30:02
"13537",2016-10-14 08:29:53
"13544",2016-10-14 11:36:50
"13545",2016-10-14 12:38:34
"13546",2016-10-14 13:50:03
"13597",2016-10-24 06:34:30
"13606",2016-10-24 12:00:04
"13614",2016-10-24 22:49:48
"13621",2016-10-25 11:40:06
"13662",2016-10-31 16:04:49
"13666",2016-11-01 12:10:03
"13668",2016-11-01 12:37:41
"13698",2016-11-03 19:20:03
"13703",2016-11-05 15:50:04
"13709",2016-11-08 09:43:16
"13710",2016-11-08 09:53:36
"13724",2016-11-09 06:13:26
"13728",2016-11-10 05:14:51
"13730",2016-11-10 10:00:04
"13742",2016-11-11 17:40:09
"13743",2016-11-12 10:29:13
"13771",2016-11-15 17:26:53
"13788",2016-11-18 11:20:04
"13795",2016-11-21 10:39:34
"13803",2016-11-21 16:50:03
"13836",2016-11-28 09:50:03
"13840",2016-11-28 11:00:03
"13843",2016-11-28 13:10:04
"13866",2016-11-29 13:30:04
"13894",2016-12-01 10:45:03
"13908",2016-12-01 14:50:04
"13909",2016-12-01 15:19:21
"13956",2016-12-07 18:00:04
"13969",2016-12-08 13:00:04
"13979",2016-12-09 10:10:04
"14041",2016-12-16 10:50:04
"14069",2016-12-20 07:25:07
"14079",2016-12-21 08:25:50
"14092",2016-12-22 12:10:04
"14098",2016-12-27 18:10:04
"14099",2016-12-28 10:44:40
"14101",2016-12-28 18:30:04
"14107",2017-01-02 16:38:01
"14110",2017-01-03 09:27:26
"14112",2017-01-03 12:22:15
"14131",2017-01-04 22:02:00
"14142",2017-01-05 23:18:19
"14212",2017-01-23 23:40:05
"14259",2017-02-01 06:52:38
"14262",2017-02-01 09:40:04
"14267",2017-02-02 10:03:44
"14268",2017-02-02 10:55:11
"14270",2017-02-02 12:38:12
"14274",2017-02-03 10:39:47
"14275",2017-02-03 12:10:04
"14307",2017-02-07 12:00:03
"14316",2017-02-09 10:00:03
"14320",2017-02-10 13:10:04
"14336",2017-02-15 12:00:04
"14344",2017-02-16 03:00:04
"14345",2017-02-16 15:30:03
"14347",2017-02-17 10:00:04
"14352",2017-02-20 13:10:04
"14362",2017-02-22 01:23:53
"14370",2017-02-23 06:49:21
"14385",2017-02-24 12:30:04
"14397",2017-02-27 10:40:04
"14434",2017-03-06 18:27:12
"14436",2017-03-07 07:09:41
"14441",2017-03-08 06:52:40
"14476",2017-03-14 12:23:46
"14477",2017-03-14 13:04:52
"14482",2017-03-15 05:13:35
"14484",2017-03-15 09:50:18
"14487",2017-03-15 12:09:10
"14489",2017-03-16 10:10:43
"14496",2017-03-17 12:54:54
"14507",2017-03-20 12:10:55
"14512",2017-03-21 11:09:08
"14513",2017-03-21 13:17:28
"14517",2017-03-22 12:11:30
"14520",2017-03-23 08:51:48
"14522",2017-03-23 11:00:04
"14525",2017-03-23 14:00:03
"14526",2017-03-23 14:20:04
"14528",2017-03-24 06:20:03
"14544",2017-03-26 04:30:04
"14555",2017-03-26 20:10:03
"14562",2017-03-27 18:42:51
"14572",2017-03-29 12:46:25
"14577",2017-03-30 15:10:03
"14581",2017-04-03 04:59:37
"14588",2017-04-04 10:55:53
"14594",2017-04-05 08:20:58
"14596",2017-04-05 16:06:48
"14597",2017-04-05 16:27:18
"14609",2017-04-07 07:52:02
"14614",2017-04-09 21:18:20
"14616",2017-04-10 07:48:37
"14618",2017-04-10 09:10:23
"14635",2017-04-10 18:00:22
"14644",2017-04-13 09:40:22
"14647",2017-04-13 15:20:35
"14654",2017-04-14 15:08:02
"14655",2017-04-17 11:32:40
"14657",2017-04-17 14:11:36
"14662",2017-04-18 10:09:07
"14677",2017-04-20 07:37:28
"14701",2017-04-21 12:00:25
"14705",2017-04-24 11:00:45
"14720",2017-04-24 14:56:09
"14728",2017-04-25 13:25:23
"14743",2017-04-27 15:55:36
"14745",2017-04-28 13:55:22
"14759",2017-05-02 12:55:00
"14769",2017-05-04 13:50:23
"14776",2017-05-05 17:21:45
"14781",2017-05-08 10:23:30
"14782",2017-05-08 10:39:54
"14784",2017-05-08 10:58:20
"14790",2017-05-08 12:15:27
"14792",2017-05-08 15:00:29
"14796",2017-05-09 09:10:45
"14798",2017-05-09 11:20:58
"14799",2017-05-09 11:50:25
"14802",2017-05-10 03:33:45
"14805",2017-05-10 11:07:23
"14833",2017-05-12 15:40:23
"14837",2017-05-15 10:28:27
"14848",2017-05-17 12:25:26
"14849",2017-05-17 13:45:24
"14865",2017-05-22 11:00:21
"14877",2017-05-23 15:28:17
"14883",2017-05-25 07:25:21
"14891",2017-05-29 11:27:24
"14894",2017-05-30 14:15:20
"14895",2017-05-31 08:45:21
"14910",2017-06-01 15:49:17
"14911",2017-06-01 15:59:32
"14912",2017-06-02 07:25:07
"14922",2017-06-06 07:36:20
"14926",2017-06-06 14:10:07
"14930",2017-06-07 11:14:37
"14932",2017-06-07 14:30:06
"14947",2017-06-12 15:30:07
"14955",2017-06-15 01:43:51
"14973",2017-06-19 11:55:06
"14981",2017-06-20 21:45:21
"14993",2017-06-26 13:40:22
"15003",2017-06-28 11:00:30
"15006",2017-06-28 20:45:09
"15009",2017-06-29 09:40:23
"15010",2017-06-29 15:30:22
"15011",2017-06-30 09:29:07
"15016",2017-07-01 18:10:57
"15025",2017-07-03 22:46:31
"15030",2017-07-05 17:35:30
"15031",2017-07-06 08:03:56
"15036",2017-07-06 15:45:24
"15046",2017-07-11 13:23:19
"15058",2017-07-13 10:24:17
"15070",2017-07-15 10:19:39
"15071",2017-07-16 15:10:26
"15090",2017-07-18 17:36:36
"15105",2017-07-20 14:45:08
"15106",2017-07-20 14:45:14
"15109",2017-07-20 15:40:11
"15110",2017-07-20 16:00:10
"15111",2017-07-20 16:10:10
"15112",2017-07-21 04:58:58
"15113",2017-07-21 10:00:06
"15117",2017-07-22 23:17:25
"15119",2017-07-23 08:25:41
"15120",2017-07-24 09:05:06
"15121",2017-07-24 09:35:08
"15124",2017-07-24 10:00:09
"15128",2017-07-24 11:00:06
"15129",2017-07-24 11:00:10
"15131",2017-07-24 11:10:12
"15134",2017-07-24 12:15:12
"15135",2017-07-24 14:25:08
"15136",2017-07-24 15:20:13
"15137",2017-07-24 15:25:10
"15138",2017-07-24 15:30:20
"15140",2017-07-25 07:46:20
"15148",2017-07-25 10:20:07
"15149",2017-07-25 10:25:06
"15150",2017-07-25 11:00:07
"15151",2017-07-25 11:15:06
"15152",2017-07-25 11:20:07
"15153",2017-07-25 11:30:06
"15154",2017-07-25 12:10:06
"15155",2017-07-25 13:10:17
"15167",2017-07-27 08:45:07
"15174",2017-07-30 23:03:22
"15175",2017-07-30 23:03:23
"15180",2017-07-31 13:40:07
"15181",2017-07-31 13:45:08
"15182",2017-07-31 13:45:12
"15206",2017-08-02 12:34:18
"15221",2017-08-04 06:27:47
"15230",2017-08-04 08:56:40
"15234",2017-08-04 15:25:06
"15235",2017-08-04 15:50:06
"15237",2017-08-06 15:30:05
"15238",2017-08-07 10:40:07
"15250",2017-08-08 11:10:09
"15252",2017-08-08 11:57:40
"15256",2017-08-09 04:27:48
"15257",2017-08-09 04:27:49
"15283",2017-08-11 12:18:56
"15294",2017-08-15 11:35:06
"15296",2017-08-15 14:45:06
"15298",2017-08-15 15:05:06
"15339",2017-08-25 10:48:48
"15345",2017-08-28 11:05:52
"15346",2017-08-28 11:13:01
"15362",2017-08-31 11:55:19
"15390",2017-09-07 11:40:40
"15406",2017-09-12 10:45:28
"15419",2017-09-18 08:57:16
"15429",2017-09-20 15:10:43
"15435",2017-09-22 12:55:20
"15440",2017-09-24 15:40:25
"15447",2017-09-27 10:18:50
"15456",2017-09-28 18:55:21
"15471",2017-09-29 18:25:27
"15478",2017-10-02 11:30:24
"15479",2017-10-02 12:45:25
"15487",2017-10-03 11:15:21
"15489",2017-10-03 19:35:21
"15490",2017-10-04 09:05:20
"15491",2017-10-04 10:07:18
"15506",2017-10-09 10:35:41
"15537",2017-10-13 01:40:49
"15540",2017-10-13 10:13:52
"15552",2017-10-17 14:30:06
"15553",2017-10-18 09:17:39
"15556",2017-10-18 13:45:27
"15560",2017-10-19 08:22:36
"15580",2017-10-23 13:38:14
"15601",2017-10-27 08:28:41
"15613",2017-10-30 16:55:20
"15617",2017-10-31 13:40:39
"15626",2017-11-01 10:34:06
"15638",2017-11-02 11:40:21
"15663",2017-11-07 10:45:21
"15664",2017-11-07 13:00:19
"15666",2017-11-07 14:45:58
"15679",2017-11-09 08:34:26
"15683",2017-11-10 11:50:08
"15685",2017-11-10 15:00:07
"15692",2017-11-13 13:42:19
"15704",2017-11-14 16:50:08
"15714",2017-11-17 07:06:12
"15717",2017-11-17 13:20:08
"15719",2017-11-17 16:00:07
"15720",2017-11-19 14:40:10
"15721",2017-11-19 18:00:08
"15723",2017-11-20 06:46:25
"15724",2017-11-20 09:14:26
"15730",2017-11-21 15:33:41
"15734",2017-11-23 01:35:07
"15735",2017-11-23 09:27:57
"15737",2017-11-26 12:05:09
"15748",2017-11-28 07:50:08
"15755",2017-11-28 16:45:08
"15758",2017-11-28 22:32:09
"15800",2017-12-01 11:11:19
"15821",2017-12-07 14:51:05
"15831",2017-12-11 19:00:37
"15834",2017-12-12 10:42:39
"15839",2017-12-12 14:55:32
"15863",2017-12-20 11:57:59
"15864",2017-12-20 16:20:07
"15869",2017-12-21 13:20:06
"15870",2017-12-22 07:40:08
"15871",2017-12-22 08:20:09
"15881",2018-01-01 15:35:07
"15894",2018-01-04 10:33:26
"15903",2018-01-05 10:20:09
"15913",2018-01-08 13:09:38
"15946",2018-01-14 10:45:14
"15955",2018-01-16 18:05:21
"15956",2018-01-16 22:50:11
"15958",2018-01-17 01:54:05
"15967",2018-01-18 08:45:13
"16008",2018-01-19 14:35:09
"16043",2018-01-25 07:27:29
"16081",2018-01-30 08:40:36
"16087",2018-01-30 12:00:13
"16088",2018-01-30 12:50:12
"16089",2018-01-30 12:57:16
"16093",2018-01-31 12:28:04
"16119",2018-02-05 14:05:09
"16127",2018-02-06 11:50:09
"16134",2018-02-08 11:55:09
"16144",2018-02-11 03:46:05
"16145",2018-02-12 08:39:05
"16156",2018-02-13 11:40:11
"16168",2018-02-16 10:10:07
"16172",2018-02-16 15:00:09
"16176",2018-02-20 11:15:09
"16181",2018-02-20 14:45:09
"16189",2018-02-22 08:43:41
"16197",2018-02-26 03:05:09
"16208",2018-02-27 12:34:32
"16242",2018-03-08 06:25:08
"16249",2018-03-08 16:20:08
"16250",2018-03-09 11:36:56
"16262",2018-03-13 07:21:53
"16264",2018-03-13 10:50:08
"16267",2018-03-14 11:23:54
"16269",2018-03-15 11:05:09
"16276",2018-03-19 10:45:09
"16297",2018-03-22 15:39:21
"16300",2018-03-23 09:36:10
"16305",2018-03-23 13:37:17
"16310",2018-03-26 19:05:22
"16323",2018-04-02 11:36:14
"16327",2018-04-02 13:59:50
"16344",2018-04-04 08:50:07
"16350",2018-04-05 11:49:56
"16351",2018-04-05 12:00:13
"16359",2018-04-08 10:00:44
"16367",2018-04-10 05:41:02
"16370",2018-04-10 09:48:14
"16376",2018-04-10 19:00:06
"16384",2018-04-13 07:19:27
"16397",2018-04-17 09:20:06
"16405",2018-04-17 18:00:07
"16407",2018-04-18 10:15:25
"16411",2018-04-18 15:07:06
"16424",2018-04-23 13:20:07
"16430",2018-04-25 13:56:12
"16435",2018-04-29 16:55:07
"16441",2018-05-02 09:45:06
"16557",2018-05-07 09:57:54
"16558",2018-05-07 10:49:14
"16564",2018-05-08 09:08:16
"16569",2018-05-09 09:36:06
"16574",2018-05-12 08:30:07
"16584",2018-05-16 09:45:06
"16591",2018-05-17 12:22:24
"16592",2018-05-17 12:50:06
"16593",2018-05-17 12:50:10
"16595",2018-05-18 08:39:20
"16601",2018-05-19 19:15:06
"16618",2018-05-29 10:21:54
"16626",2018-05-30 05:23:05
"16634",2018-05-31 07:51:43
"16637",2018-05-31 13:44:30
"16645",2018-06-01 12:40:07
"16647",2018-06-04 07:23:52
"16648",2018-06-04 08:15:08
"16654",2018-06-04 09:17:54
"16657",2018-06-04 12:37:20
"16665",2018-06-06 12:21:59
"16672",2018-06-08 11:55:09
"16681",2018-06-11 12:10:48
"16685",2018-06-12 15:41:40
"16753",2018-06-22 10:19:38
"16772",2018-06-25 11:30:24
"16775",2018-06-25 15:41:06
"16779",2018-06-27 09:42:16
"16780",2018-06-27 10:00:50
"16781",2018-06-28 09:12:35
"16786",2018-07-02 08:23:33
"16801",2018-07-07 17:48:39
"16825",2018-07-12 15:41:17
"16827",2018-07-13 10:39:38
"16853",2018-07-18 10:09:24
"16869",2018-07-20 15:02:44
"16871",2018-07-20 15:57:50
"16872",2018-07-20 15:58:16
"16873",2018-07-20 15:58:41
"16874",2018-07-20 15:59:06
"16875",2018-07-20 15:59:31
"16876",2018-07-20 15:59:55
"16877",2018-07-20 16:00:06
"16878",2018-07-20 16:02:44
"16879",2018-07-20 16:03:09
"16880",2018-07-20 16:03:33
"16881",2018-07-20 16:03:57
"16882",2018-07-20 16:04:22
"16883",2018-07-20 16:04:46
"16884",2018-07-20 16:04:57
"16894",2018-07-23 16:10:11
"16895",2018-07-24 07:21:59
"16903",2018-07-25 11:14:55
"16909",2018-07-25 15:01:06
"16911",2018-07-26 13:43:29
"16926",2018-07-30 09:03:04
"16945",2018-07-31 08:58:33
"16950",2018-07-31 12:08:36
"16980",2018-08-13 10:37:36
"16983",2018-08-15 08:05:17
"16984",2018-08-15 10:42:55
"16985",2018-08-15 11:11:09
"16988",2018-08-17 10:45:37
"16989",2018-08-17 12:44:02
"16990",2018-08-19 12:05:13
"17004",2018-08-22 10:45:14
"17006",2018-08-22 12:45:28
"17007",2018-08-23 09:05:37
"17013",2018-08-23 13:59:15
"17021",2018-08-27 13:40:13
"17038",2018-08-30 14:10:13
"17046",2018-08-31 11:12:54
"17047",2018-08-31 14:41:57
"17068",2018-09-05 09:24:31
"17070",2018-09-05 14:53:58
"17074",2018-09-06 07:43:24
"17078",2018-09-06 17:30:15
"17079",2018-09-07 10:00:14
"17082",2018-09-07 16:50:19
"17086",2018-09-10 01:56:46
"17097",2018-09-13 06:05:15
"17101",2018-09-14 03:10:16
"17113",2018-09-18 15:08:06
"17117",2018-09-19 10:25:11
"17132",2018-09-21 11:15:17
"17143",2018-09-23 19:15:18
"17160",2018-09-27 08:30:14
"17166",2018-09-27 14:20:15
"17173",2018-09-28 12:19:02
"17185",2018-10-01 06:17:37
"17243",2018-10-04 15:05:21
"17250",2018-10-07 11:20:18
"17257",2018-10-08 12:00:01
"17266",2018-10-10 09:09:44
"17293",2018-10-15 09:00:18
"17294",2018-10-15 13:38:21
"17300",2018-10-16 08:05:15
"17301",2018-10-17 10:17:40
"17306",2018-10-17 14:57:08
"17315",2018-10-22 07:42:06
"17316",2018-10-22 11:05:15
"17317",2018-10-22 12:30:15
"17329",2018-10-24 14:25:16
"17341",2018-10-25 13:22:09
"17344",2018-10-26 13:10:16
"17350",2018-10-29 13:21:21
"17351",2018-10-29 15:17:26
"17362",2018-10-31 13:39:41
"17363",2018-10-31 13:44:56
"17369",2018-11-01 13:14:37
"17382",2018-11-05 14:40:26
"17390",2018-11-06 11:20:17
"17402",2018-11-07 16:43:57
"17403",2018-11-07 16:49:12
"17422",2018-11-11 15:15:18
"17425",2018-11-12 12:50:24
"17931",2018-11-16 10:32:38
"17941",2018-11-20 06:29:15
"17951",2018-11-21 09:25:17
"17955",2018-11-22 08:31:05
"17968",2018-11-25 15:05:17
"17991",2018-11-28 14:50:15
"18000",2018-11-30 13:45:25
"18007",2018-12-02 17:33:45
"18012",2018-12-03 19:00:15
"18016",2018-12-04 15:15:24
"18020",2018-12-05 09:48:07
"18025",2018-12-05 13:50:12
"18054",2018-12-14 09:53:35
"18063",2018-12-14 16:47:57
"18071",2018-12-18 12:01:38
"18078",2018-12-19 11:35:15
"18081",2018-12-19 11:50:17
"18082",2018-12-19 13:35:16
"18084",2018-12-20 05:46:00
"18095",2018-12-21 08:00:15
"18103",2018-12-28 14:15:15
"18112",2019-01-03 08:05:16
"18127",2019-01-11 13:20:17
"18134",2019-01-14 15:00:30
"18146",2019-01-17 17:21:23
"18155",2019-01-20 14:08:18
"18159",2019-01-22 10:45:15
"18169",2019-01-25 07:03:20
"18188",2019-01-28 13:20:15
"18193",2019-01-28 18:20:15
"18195",2019-01-28 18:59:11
"18212",2019-01-31 10:51:13
"18214",2019-01-31 13:37:13
"18219",2019-02-01 17:20:15
"18231",2019-02-04 14:20:55
"18243",2019-02-06 19:15:16
"18246",2019-02-08 00:00:21
"18247",2019-02-08 09:30:15
"18249",2019-02-09 05:29:04
"18250",2019-02-09 18:30:16
"18256",2019-02-11 14:50:22
"18257",2019-02-11 14:50:32
"18258",2019-02-11 14:50:43
"18262",2019-02-12 19:50:17
"18269",2019-02-14 23:25:18
"18278",2019-02-18 11:35:16
"18279",2019-02-18 14:35:19
"18280",2019-02-18 14:51:14
"18281",2019-02-18 22:35:16
"18284",2019-02-19 08:41:39
"18286",2019-02-19 10:58:04
"18289",2019-02-20 19:53:34
"18291",2019-02-21 15:34:30
"18295",2019-02-21 17:25:17
"18297",2019-02-22 05:20:16
"18309",2019-02-27 09:48:48
"18310",2019-02-27 13:31:17
"18315",2019-02-28 11:00:24
"18317",2019-02-28 14:30:21
"18325",2019-02-28 20:15:16
"18335",2019-03-04 11:49:21
"18337",2019-03-04 18:10:16
"18341",2019-03-05 13:29:10
"18349",2019-03-06 18:15:15
"18358",2019-03-08 00:10:16
"18370",2019-03-13 11:21:19
"18371",2019-03-13 11:55:21
"18372",2019-03-13 12:14:16
"18409",2019-03-20 17:24:53
"18419",2019-03-21 12:30:16
"18420",2019-03-21 13:34:24
"18430",2019-03-22 13:22:37
"18431",2019-03-25 07:15:22
"18433",2019-03-25 09:20:19
"18456",2019-03-30 06:35:18
"18471",2019-04-02 10:54:26
"18474",2019-04-03 03:50:34
"18479",2019-04-04 11:00:16
"18480",2019-04-05 12:25:51
"18501",2019-04-10 10:40:22
"18523",2019-04-21 18:14:22
"18524",2019-04-22 07:08:23
"18526",2019-04-23 07:46:33
"18547",2019-04-29 13:00:04
"18553",2019-05-01 14:11:10
"18566",2019-05-07 15:25:06
"18570",2019-05-08 13:23:04
"18589",2019-05-14 10:50:35
"18591",2019-05-14 12:08:28
"18595",2019-05-14 16:28:08
"18599",2019-05-15 12:00:04
"18604",2019-05-16 15:11:12
"18610",2019-05-20 18:50:03
"18614",2019-05-21 12:19:13
"18621",2019-05-22 14:55:04
"18626",2019-05-23 08:52:51
"18636",2019-05-25 22:50:03
"18677",2019-06-04 13:07:04
"18682",2019-06-05 11:25:04
"18697",2019-06-12 08:35:04
"18709",2019-06-14 12:15:03
"18711",2019-06-14 13:56:54
"18712",2019-06-15 10:55:04
"18713",2019-06-15 20:05:03
"18718",2019-06-18 12:15:04
"18730",2019-06-25 12:35:31
"18733",2019-06-26 17:00:03
"18746",2019-07-02 10:49:21
"18764",2019-07-08 11:21:10
"18774",2019-07-10 07:58:50
"18777",2019-07-10 11:35:04
"18791",2019-07-15 16:44:11
"18796",2019-07-16 22:20:03
"18798",2019-07-17 11:05:03
"18803",2019-07-18 13:10:04
"18811",2019-07-20 14:05:03
"18812",2019-07-20 19:20:03
"18814",2019-07-22 01:25:04
"18828",2019-07-25 12:05:03
"18830",2019-07-25 13:25:03
"18836",2019-07-26 15:15:00
"18838",2019-07-28 10:55:03
"18848",2019-08-01 13:19:27
"18865",2019-08-06 04:25:03
"18871",2019-08-07 06:10:05
"18876",2019-08-08 01:50:04
"18885",2019-08-08 10:05:21
"18889",2019-08-08 12:05:09
"18894",2019-08-09 01:55:04
"18895",2019-08-09 10:57:21
"18898",2019-08-12 08:06:26
"18906",2019-08-13 08:16:32
"18916",2019-08-13 17:10:03
"18917",2019-08-13 17:41:48
"18931",2019-08-17 14:40:03
"18932",2019-08-18 16:45:03
"18936",2019-08-19 15:05:52
"18939",2019-08-20 06:50:04
"18946",2019-08-20 15:50:04
"18950",2019-08-22 10:55:09
"18953",2019-08-22 13:05:07
"18976",2019-08-28 09:03:59
"18982",2019-08-29 06:15:04
"18999",2019-08-30 18:35:04
"19006",2019-09-03 15:45:03
"19012",2019-09-04 07:28:52
"19014",2019-09-04 12:35:05
"19016",2019-09-04 14:23:50
"19017",2019-09-05 08:36:56
"19033",2019-09-11 09:20:03
"19040",2019-09-13 07:45:03
"19046",2019-09-16 05:28:14
"19049",2019-09-16 09:15:03
"19053",2019-09-16 19:35:03
"19062",2019-09-19 02:37:31
"19075",2019-09-23 16:45:07
"19079",2019-09-24 21:25:03
"19082",2019-09-25 10:04:37
"19104",2019-10-01 12:25:03
"19112",2019-10-03 09:14:51
"19124",2019-10-06 17:25:03
"19128",2019-10-07 12:46:53
"19129",2019-10-07 13:28:37
"19131",2019-10-07 14:55:02
"19145",2019-10-10 13:46:04
"19147",2019-10-10 14:53:32
"19163",2019-10-15 07:00:05
"19173",2019-10-15 12:25:03
"19190",2019-10-18 11:12:11
"19192",2019-10-20 11:35:02
"19195",2019-10-21 07:20:05
"19196",2019-10-21 08:00:04
"19197",2019-10-21 08:10:03
"19204",2019-10-22 07:40:02
"19207",2019-10-22 16:05:06
"19214",2019-10-24 10:00:07
"19228",2019-10-28 08:30:03
"19247",2019-10-28 12:25:05
"19254",2019-10-29 12:08:49
"19273",2019-11-03 13:45:02
"19282",2019-11-04 12:05:04
"19286",2019-11-04 16:43:11
"19291",2019-11-05 09:40:06
"19308",2019-11-06 16:50:03
"19329",2019-11-10 14:55:03
"19331",2019-11-11 08:01:02
"19334",2019-11-12 06:25:35
"19338",2019-11-12 10:12:12
"19339",2019-11-12 10:53:25
"19342",2019-11-12 13:05:03
"19363",2019-11-18 11:05:04
"19383",2019-11-22 07:16:09
"19386",2019-11-24 03:03:38
"19397",2019-11-27 07:25:03
"19398",2019-11-27 09:05:02
"19402",2019-12-02 11:52:47
"19417",2019-12-03 16:22:10
"19421",2019-12-04 09:51:50
"19438",2019-12-06 08:42:17
"19439",2019-12-06 09:05:03
"19446",2019-12-07 09:35:08
"19447",2019-12-08 11:40:02
"19453",2019-12-09 12:25:03
"19455",2019-12-10 01:15:02
"19458",2019-12-10 22:14:15
"19464",2019-12-13 13:55:15
"19468",2019-12-16 08:30:02
"19474",2019-12-17 08:30:03
"19484",2019-12-20 09:25:02
"19488",2019-12-20 12:35:03
"19498",2019-12-24 14:15:04
"19536",2020-01-02 13:57:17
"19545",2020-01-06 14:55:03
"19548",2020-01-06 16:51:40
"19560",2020-01-10 07:41:38
"19570",2020-01-14 16:05:03
"19573",2020-01-15 14:05:03
"19576",2020-01-16 11:30:02
"19595",2020-01-20 12:40:03
"19604",2020-01-22 10:15:03
"19614",2020-01-24 09:40:03
"19617",2020-01-24 17:08:40
"19625",2020-01-28 12:00:02
"19626",2020-01-28 13:01:59
"19627",2020-01-28 16:18:56
"19632",2020-01-28 17:05:04
"19641",2020-01-30 10:24:11
"19645",2020-01-30 11:50:42
"19646",2020-01-30 12:30:03
"19667",2020-02-01 14:00:08
"19670",2020-02-03 14:09:34
"19674",2020-02-04 03:06:30
"19691",2020-02-04 15:06:41
"19709",2020-02-05 17:40:06
"19717",2020-02-09 17:34:05
"19725",2020-02-12 11:20:03
"19728",2020-02-13 07:50:03
"19729",2020-02-13 09:27:58
"19730",2020-02-14 08:35:03
"19732",2020-02-15 16:50:02
"19733",2020-02-17 08:23:16
"19751",2020-02-20 12:29:47
"19755",2020-02-20 15:10:05
"19768",2020-02-25 10:56:41
"19782",2020-02-27 09:26:34
"19795",2020-03-02 11:00:47
"19801",2020-03-02 18:25:02
"19805",2020-03-03 12:34:13
"19807",2020-03-03 16:37:28
"19809",2020-03-03 17:08:04
"19814",2020-03-04 16:43:23
"19817",2020-03-05 12:41:27
"19820",2020-03-05 18:22:13
"19830",2020-03-07 17:01:27
"19836",2020-03-09 12:12:43
"19843",2020-03-11 15:36:35
"19844",2020-03-11 17:22:54
"19849",2020-03-12 16:51:23
"19858",2020-03-18 11:51:23
"19877",2020-03-20 16:40:16
"19878",2020-03-20 18:45:03
"19912",2020-03-24 22:20:02
"19913",2020-03-25 06:30:03
"19918",2020-03-25 12:36:35
"19919",2020-03-25 15:43:17
"19922",2020-03-26 11:25:05
"19924",2020-03-26 14:10:05
"19926",2020-03-26 15:10:03
"19952",2020-04-06 10:25:03
"19955",2020-04-06 21:00:02
"19964",2020-04-08 11:56:51
"19974",2020-04-10 14:15:03
"19977",2020-04-13 15:29:30
"19979",2020-04-14 10:15:04
"19981",2020-04-14 11:35:02
"19984",2020-04-15 09:44:35
"19985",2020-04-15 14:04:18
"19986",2020-04-15 15:37:54
"19988",2020-04-16 09:50:04
"19994",2020-04-17 13:47:27
"19997",2020-04-18 11:45:04
"20003",2020-04-20 07:50:03
"20018",2020-04-22 12:45:03
"20019",2020-04-22 17:29:06
"20022",2020-04-23 11:20:03
"20026",2020-04-23 15:20:04
"20027",2020-04-23 15:33:32
"20033",2020-04-24 17:25:10
"20036",2020-04-27 09:29:36
"20038",2020-04-28 10:05:03
"20039",2020-04-28 10:46:21
"20040",2020-04-28 13:58:50
"20043",2020-04-29 06:31:06
"20045",2020-04-29 16:45:04
"20060",2020-05-01 10:25:01
"20087",2020-05-04 17:15:04
"20092",2020-05-05 18:30:02
"20094",2020-05-06 08:21:22
"20095",2020-05-06 09:03:04
"20104",2020-05-07 13:26:48
"20115",2020-05-08 15:56:52
"20117",2020-05-10 18:22:31
"20123",2020-05-11 14:20:03
"20124",2020-05-11 15:23:04
"20125",2020-05-11 16:46:52
"20127",2020-05-12 11:42:18
"20128",2020-05-13 12:10:03
"20133",2020-05-14 19:15:03
"20139",2020-05-16 18:35:15
"20147",2020-05-18 11:32:25
"20152",2020-05-18 14:14:44
"20153",2020-05-18 14:20:04
"20154",2020-05-18 14:25:32
"20158",2020-05-19 11:54:46
"20159",2020-05-19 18:37:27
"20166",2020-05-20 11:35:03
"20178",2020-05-21 13:23:55
"20183",2020-05-22 14:50:46
"20184",2020-05-22 18:46:03
"20189",2020-05-26 19:02:23
"20192",2020-05-27 15:41:16
"20205",2020-05-31 03:27:54
"20207",2020-06-01 11:51:27
"20214",2020-06-02 08:10:03
"20215",2020-06-02 08:11:40
"20225",2020-06-02 11:50:04
"20229",2020-06-02 18:55:07
"20231",2020-06-03 04:07:52
"20232",2020-06-03 06:28:51
"20233",2020-06-03 07:47:20
"20237",2020-06-03 11:50:03
"20239",2020-06-04 13:18:25
"20241",2020-06-05 09:45:05
"20246",2020-06-07 08:31:36
"20249",2020-06-08 17:25:03
"20254",2020-06-09 14:35:21
"20262",2020-06-10 16:25:25
"20263",2020-06-11 02:07:28
"20265",2020-06-11 12:41:48
"20271",2020-06-12 21:32:45
"20272",2020-06-15 05:04:06
"20273",2020-06-15 05:04:07
"20274",2020-06-15 05:04:09
"20275",2020-06-15 05:04:10
"20276",2020-06-15 05:04:11
"20277",2020-06-15 05:04:12
"20278",2020-06-15 05:04:14
"20293",2020-06-16 11:40:28
"20294",2020-06-16 12:25:04
"20295",2020-06-16 12:40:03
"20296",2020-06-16 14:42:25
"20298",2020-06-16 16:05:36
"20303",2020-06-16 23:05:02
"20306",2020-06-18 05:50:04
"20313",2020-06-20 07:05:04
"20314",2020-06-20 07:40:04
"20315",2020-06-20 09:05:06
"20318",2020-06-22 05:45:05
"20319",2020-06-22 08:30:06
"20320",2020-06-22 08:30:07
"20322",2020-06-22 10:25:04
"20323",2020-06-22 10:35:03
"20324",2020-06-22 12:20:04
"20325",2020-06-22 14:15:04
"20328",2020-06-22 16:55:04
"20330",2020-06-23 07:25:04
"20336",2020-06-23 10:20:04
"20338",2020-06-23 11:10:03
"20339",2020-06-23 11:25:03
"20341",2020-06-23 14:55:08
"20343",2020-06-24 10:50:04
"20344",2020-06-24 11:00:02
"20346",2020-06-25 16:30:03
"20347",2020-06-25 17:30:03
"20348",2020-06-26 00:25:03
"20349",2020-06-26 08:40:03
"20357",2020-06-26 13:10:03
"20366",2020-06-29 10:43:30
"20367",2020-06-29 11:40:04
"20368",2020-06-29 15:23:24
"20369",2020-06-29 22:25:09
"20377",2020-06-30 11:20:05
"20383",2020-07-01 12:05:03
"20387",2020-07-01 14:35:03
"20390",2020-07-01 16:40:05
"20393",2020-07-02 07:20:04
"20399",2020-07-02 11:35:03
"20404",2020-07-06 09:45:08
"20406",2020-07-06 14:35:04
"20421",2020-07-07 16:53:54
"20422",2020-07-08 09:15:05
"20459",2020-07-09 16:15:05
"20467",2020-07-10 13:10:04
"20468",2020-07-10 14:10:03
"20477",2020-07-13 20:50:03
"20478",2020-07-14 00:10:03
"20483",2020-07-14 19:10:05
"20491",2020-07-15 09:53:41
"20492",2020-07-15 14:40:04
"20495",2020-07-16 05:50:04
"20498",2020-07-17 00:20:03
"20499",2020-07-17 13:25:06
"20500",2020-07-17 13:35:04
"20503",2020-07-20 10:20:04
"20508",2020-07-20 15:07:37
"20521",2020-07-20 19:20:09
"20525",2020-07-22 04:25:03
"20526",2020-07-22 07:40:03
"20530",2020-07-22 09:50:03
"20532",2020-07-23 00:30:05
"20556",2020-07-24 13:10:05
"20557",2020-07-24 14:25:06
"20558",2020-07-26 18:35:03
"20567",2020-07-28 20:10:04
"20575",2020-07-29 12:05:05
"20576",2020-07-30 07:50:04
"20581",2020-07-31 09:40:18
"20624",2020-08-03 06:55:04
"20625",2020-08-03 08:35:05
"20631",2020-08-03 14:30:04
"20632",2020-08-03 16:00:13
"20636",2020-08-04 09:30:03
"20661",2020-08-06 10:05:25
"20675",2020-08-10 12:55:04
"20678",2020-08-10 21:05:05
"20679",2020-08-11 06:20:03
"20681",2020-08-11 07:20:04
"20683",2020-08-11 13:40:04
"20690",2020-08-12 17:00:04
"20691",2020-08-12 18:15:04
"20696",2020-08-14 10:35:27
"20716",2020-08-17 14:20:03
"20719",2020-08-18 23:05:04
"20748",2020-08-20 14:10:04
"20751",2020-08-21 13:45:04
"20754",2020-08-23 07:15:03
"20756",2020-08-24 10:05:04
"20762",2020-08-26 12:40:03
"20763",2020-08-27 07:20:03
"20765",2020-08-28 07:45:04
"20768",2020-08-30 09:50:07
"20771",2020-08-31 11:00:15
"20772",2020-08-31 11:05:04
"20784",2020-08-31 21:25:03
"20785",2020-09-01 03:00:04
"20803",2020-09-01 10:10:03
"20806",2020-09-01 14:20:04
"20809",2020-09-02 05:30:03
"20817",2020-09-03 16:10:04
"20836",2020-09-10 04:15:04
"20837",2020-09-10 04:55:04
"20845",2020-09-11 05:30:03
"20852",2020-09-12 08:20:05
"20860",2020-09-15 10:45:04
"20862",2020-09-15 11:20:10
"20865",2020-09-15 16:35:03
"20868",2020-09-16 03:00:04
"20870",2020-09-16 13:55:04
"20875",2020-09-17 17:35:05
"20877",2020-09-18 08:25:03
"20888",2020-09-22 05:25:04
"20919",2020-09-28 13:04:56
"20920",2020-09-28 13:25:05
"20923",2020-09-29 15:35:04
"20924",2020-09-30 06:40:07
"20926",2020-09-30 10:00:15
"20933",2020-10-01 18:10:03
"20943",2020-10-05 13:00:03
"20947",2020-10-06 01:30:04
"20951",2020-10-07 00:45:03
"20959",2020-10-07 14:25:08
"20966",2020-10-09 05:25:04
"20977",2020-10-12 11:10:03
"20985",2020-10-12 16:17:51
"20987",2020-10-12 20:40:03
"20995",2020-10-13 14:15:04
"20997",2020-10-14 07:25:07
"20998",2020-10-14 08:40:04
"20999",2020-10-14 14:13:54
"21000",2020-10-14 14:29:40
"21001",2020-10-14 14:32:53
"21003",2020-10-14 16:10:05
"21010",2020-10-15 09:00:05
"21014",2020-10-15 11:13:58
"21015",2020-10-15 11:23:24
"21018",2020-10-15 12:14:54
"21030",2020-10-16 09:43:27
"21031",2020-10-16 10:03:24
"21032",2020-10-16 10:10:04
"21033",2020-10-16 10:53:42
"21034",2020-10-16 10:55:37
"21045",2020-10-19 05:55:03
"21052",2020-10-19 09:52:49
"21055",2020-10-19 13:35:02
"21056",2020-10-19 14:35:03
"21058",2020-10-20 08:50:03
"21061",2020-10-20 13:15:04
"21063",2020-10-20 17:08:15
"21064",2020-10-21 09:46:33
"21065",2020-10-21 10:34:25
"21068",2020-10-22 12:10:03
"21069",2020-10-22 12:40:04
"21070",2020-10-22 12:45:05
"21072",2020-10-22 12:58:37
"21073",2020-10-22 13:05:04
"21074",2020-10-22 13:15:04
"21075",2020-10-22 13:20:27
"21083",2020-10-26 10:40:08
"21088",2020-10-26 18:35:03
"21089",2020-10-27 11:10:04
"21091",2020-10-27 13:05:05
"21093",2020-10-28 05:30:04
"21094",2020-10-28 09:20:08
"21095",2020-10-28 10:50:03
"21098",2020-10-28 14:35:04
"21102",2020-10-29 09:15:05
"21104",2020-10-29 12:34:34
"21108",2020-11-02 01:45:03
"21114",2020-11-03 15:55:04
"21127",2020-11-06 13:20:05
"21129",2020-11-08 00:35:03
"21131",2020-11-09 06:40:03
"21136",2020-11-10 10:15:04
"21137",2020-11-10 12:00:04
"21139",2020-11-10 17:35:08
"21140",2020-11-10 17:50:05
"21143",2020-11-11 17:00:04
"21144",2020-11-11 17:25:05
"21146",2020-11-12 07:25:03
"21149",2020-11-12 18:30:03
"21150",2020-11-12 21:30:05
"21154",2020-11-13 12:45:04
"21155",2020-11-14 00:10:03
"21157",2020-11-14 19:25:03
"21159",2020-11-16 05:45:03
"21164",2020-11-16 10:05:03
"21177",2020-11-17 09:40:04
"21185",2020-11-19 20:30:04
"21186",2020-11-19 20:35:04
"21187",2020-11-19 20:35:05
"21193",2020-11-20 18:20:04
"21200",2020-11-24 06:45:03
"21203",2020-11-25 01:30:04
"21209",2020-11-28 15:45:04
"21213",2020-11-29 23:50:05
"21221",2020-12-02 06:50:03
"21223",2020-12-02 17:20:40
"21227",2020-12-03 10:05:04
"21232",2020-12-03 17:50:02
"21240",2020-12-04 10:30:03
"21241",2020-12-04 14:10:04
"21246",2020-12-07 13:30:03
"21247",2020-12-07 18:05:03
"21254",2020-12-08 19:20:04
"21262",2020-12-10 10:40:04
"21264",2020-12-10 19:30:04
"21273",2020-12-11 13:30:03
"21293",2020-12-15 05:30:04
"21299",2020-12-16 12:30:03
"21301",2020-12-17 10:00:05
"21323",2020-12-18 15:45:04
"21324",2020-12-19 01:40:04
"21328",2020-12-21 20:45:04
"21330",2020-12-22 08:00:05
"21331",2020-12-22 08:30:02
"21338",2020-12-24 08:15:04
"21339",2020-12-24 14:20:04
"21343",2020-12-26 08:30:04
"21345",2020-12-28 08:30:04
"21346",2020-12-28 09:10:04
"21353",2020-12-28 22:05:03
"21356",2020-12-30 12:15:03
"21357",2020-12-30 13:25:03
"21358",2020-12-30 18:10:04
"21359",2020-12-30 19:00:05
"21361",2020-12-31 00:45:03
"21363",2021-01-03 11:25:03
"21364",2021-01-04 12:00:03
"21368",2021-01-05 14:10:03
"21385",2021-01-08 14:25:03
"21386",2021-01-11 03:50:03
"21388",2021-01-11 07:10:03
"21389",2021-01-11 09:35:04
"21393",2021-01-12 11:05:03
"21396",2021-01-12 15:25:05
"21398",2021-01-12 16:10:03
"21399",2021-01-12 16:45:03
"21402",2021-01-13 12:00:03
"21403",2021-01-14 08:05:04
"21404",2021-01-14 11:55:04
"21405",2021-01-14 15:05:03
"21409",2021-01-16 09:15:03
"21423",2021-01-21 08:15:03
"21424",2021-01-21 18:05:03
"21427",2021-01-22 20:00:04
"21429",2021-01-25 15:00:04
"21430",2021-01-25 15:55:03
"21436",2021-01-26 10:30:06
"21442",2021-01-27 14:10:14
"21443",2021-01-28 00:55:04
"21446",2021-01-28 09:50:03
"21447",2021-01-28 19:05:03
"21452",2021-02-02 02:50:03
"21460",2021-02-03 12:10:05
"21464",2021-02-05 06:45:03
"21465",2021-02-05 06:50:04
"21466",2021-02-05 06:55:06
"21467",2021-02-05 07:33:30
"21468",2021-02-05 09:25:04
"21471",2021-02-08 03:55:06
"21473",2021-02-08 07:00:03
"21484",2021-02-09 03:55:03
"21507",2021-02-12 14:15:05
"21508",2021-02-12 14:35:05
"21515",2021-02-15 15:10:03
"21516",2021-02-15 17:45:03
"21517",2021-02-16 12:20:04
"21525",2021-02-17 12:30:10
"21561",2021-02-19 16:35:05
"21563",2021-02-20 23:00:03
"21564",2021-02-21 15:50:07
"21565",2021-02-21 16:10:11
"21566",2021-02-21 16:10:14
"21568",2021-02-22 11:10:16
"21569",2021-02-22 12:04:03
"21570",2021-02-22 12:04:08
"21571",2021-02-22 12:04:23
"21572",2021-02-22 12:04:27
"21573",2021-02-22 12:04:47
"21574",2021-02-22 12:42:46
"21575",2021-02-22 12:46:35
"21576",2021-02-22 13:25:29
"21578",2021-02-22 15:50:25
"21580",2021-02-23 06:25:05
"21582",2021-02-23 09:20:03
"21593",2021-02-24 05:30:03
"21599",2021-02-25 11:00:03
"21600",2021-02-25 13:54:38
"21606",2021-02-26 15:45:04
"21608",2021-02-27 20:05:03
"21611",2021-03-01 13:20:03
"21625",2021-03-05 07:05:03
"21634",2021-03-09 14:00:03
"21642",2021-03-10 16:55:03
"21645",2021-03-11 07:30:03
"21649",2021-03-11 17:40:07
"21650",2021-03-11 19:30:03
"21651",2021-03-11 22:00:03
"21652",2021-03-12 02:25:03
"21660",2021-03-16 02:35:04
"21667",2021-03-17 15:55:07
"21671",2021-03-18 21:05:24
"21674",2021-03-19 14:00:03
"21676",2021-03-22 13:10:03
"21677",2021-03-22 13:55:03
"21680",2021-03-23 05:30:03
"21681",2021-03-24 00:00:04
"21686",2021-03-25 11:50:05
"21687",2021-03-25 14:55:03
"21691",2021-03-25 16:40:04
"21696",2021-03-26 00:20:03
"21698",2021-03-26 08:35:04
"21699",2021-03-26 14:15:03
"21703",2021-03-27 13:55:03
"21713",2021-03-30 09:30:04
"21717",2021-03-30 10:25:04
"21721",2021-03-31 00:10:03
"21723",2021-03-31 10:15:07
"21726",2021-04-01 06:20:03
"21733",2021-04-02 11:10:03
"21747",2021-04-05 11:15:04
"21756",2021-04-08 06:30:10
"21761",2021-04-08 11:00:05
"21762",2021-04-08 12:55:03
"21763",2021-04-08 13:30:04
"21766",2021-04-09 11:05:12
"21767",2021-04-09 11:20:02
"21769",2021-04-11 11:40:03
"21771",2021-04-11 23:35:03
"21775",2021-04-13 00:15:04
"21776",2021-04-13 08:05:04
"21778",2021-04-14 10:30:03
"21783",2021-04-14 15:40:05
"21784",2021-04-14 18:25:10
"21786",2021-04-15 04:50:04
"21787",2021-04-15 13:05:03
"21791",2021-04-16 08:00:03
"21792",2021-04-16 08:25:03
"21821",2021-04-19 13:45:04
"21829",2021-04-20 09:05:03
"21831",2021-04-20 20:15:20
"21877",2021-04-22 20:45:19
"21890",2021-04-23 14:40:03
"21896",2021-04-25 05:55:14
"21905",2021-04-26 21:00:03
"21913",2021-04-28 08:50:23
"21915",2021-04-28 13:30:04
"21917",2021-04-28 14:25:20
"21918",2021-04-28 17:50:05
"21919",2021-04-29 11:00:03
"21920",2021-04-29 12:10:04
"21921",2021-04-29 13:45:03
"21923",2021-04-30 13:30:14
"21926",2021-05-03 03:55:17
"21934",2021-05-03 14:05:05
"21935",2021-05-03 14:55:13
"21940",2021-05-04 14:45:08
"21944",2021-05-06 11:50:14
"21948",2021-05-07 08:45:03
"21950",2021-05-07 11:05:16
"21977",2021-05-10 14:05:31
"21981",2021-05-11 07:15:15
"21982",2021-05-11 09:25:03
"22007",2021-05-12 16:30:03
"22013",2021-05-13 14:05:03
"22016",2021-05-14 11:45:04
"22017",2021-05-14 13:35:15
"22022",2021-05-15 03:25:16
"22028",2021-05-17 21:25:14
"22039",2021-05-18 07:35:22
"22041",2021-05-18 11:35:04
"22042",2021-05-18 16:20:14
"22043",2021-05-19 04:35:16
"22053",2021-05-19 13:35:03
"22054",2021-05-20 11:00:16
"22055",2021-05-20 14:30:14
"22056",2021-05-21 05:05:14
"22065",2021-05-21 17:15:14
"22069",2021-05-25 00:10:15
"22081",2021-05-27 10:50:17
"22084",2021-05-27 12:15:05
"22089",2021-05-28 12:20:13
"22090",2021-05-29 02:45:15
"22091",2021-05-30 06:35:13
"22094",2021-05-31 10:30:07
"22096",2021-06-01 01:15:04
"22103",2021-06-01 05:35:23
"22104",2021-06-01 07:05:19
"22107",2021-06-01 12:10:19
"22108",2021-06-01 13:05:16
"22109",2021-06-02 04:05:04
"22110",2021-06-02 04:45:19
"22111",2021-06-02 06:45:13
"22112",2021-06-03 07:35:14
"22273",2021-06-04 15:55:03
"22274",2021-06-05 16:15:03
"22281",2021-06-07 09:00:16
"22284",2021-06-07 09:50:03
"22288",2021-06-07 15:20:03
"22291",2021-06-08 08:10:17
"22294",2021-06-09 10:45:14
"22300",2021-06-09 13:20:04
"22302",2021-06-09 18:50:04
"22306",2021-06-10 12:55:07
"22307",2021-06-10 12:55:14
"22308",2021-06-10 14:55:15
"22310",2021-06-10 16:45:04
"22311",2021-06-11 04:05:14
"22312",2021-06-11 12:00:04
"22324",2021-06-16 10:35:24
"22332",2021-06-17 10:45:13
"22339",2021-06-18 11:25:04
"22342",2021-06-19 23:40:19
"22344",2021-06-21 10:10:14
"22355",2021-06-22 00:10:15
"22356",2021-06-22 01:45:31
"22366",2021-06-22 14:00:15
"22367",2021-06-22 14:15:15
"22369",2021-06-22 16:35:19
"22371",2021-06-23 05:30:16
"22372",2021-06-23 06:31:37
"22376",2021-06-23 14:00:11
"22396",2021-06-28 11:40:09
"22402",2021-06-28 15:55:03
"22404",2021-06-29 08:20:15
"22411",2021-06-30 12:55:04
"22415",2021-07-01 11:25:04
"22416",2021-07-02 05:40:14
"22417",2021-07-02 22:15:15
"22424",2021-07-07 13:20:03
"22425",2021-07-07 13:30:15
"22427",2021-07-08 03:00:15
"22429",2021-07-08 13:50:19
"22446",2021-07-09 17:05:03
"22452",2021-07-12 05:05:14
"22457",2021-07-13 03:30:14
"22460",2021-07-14 14:20:19
"22461",2021-07-14 16:40:08
"22485",2021-07-15 12:15:05
"22491",2021-07-18 09:05:10
"22498",2021-07-19 10:40:04
"22501",2021-07-19 11:20:15
"22516",2021-07-20 06:55:36
"22518",2021-07-20 10:05:03
"22520",2021-07-20 11:25:03
"22542",2021-07-21 00:40:17
"22552",2021-07-21 22:15:15
"22568",2021-07-22 17:15:52
"22569",2021-07-22 17:20:57
"22570",2021-07-22 17:21:06
"22571",2021-07-22 17:26:27
"22572",2021-07-22 17:26:34
"22577",2021-07-26 03:00:33
"22587",2021-07-27 13:10:04
"22589",2021-07-28 01:45:03
"22599",2021-07-30 00:30:13
"22605",2021-08-02 07:25:12
"22608",2021-08-02 08:10:03
"22610",2021-08-02 12:15:12
"22611",2021-08-03 04:30:03
"22612",2021-08-03 11:10:11
"22613",2021-08-03 11:30:03
"22617",2021-08-03 15:35:04
"22620",2021-08-04 05:55:14
"22621",2021-08-04 07:20:12
"22627",2021-08-05 10:10:12
"22630",2021-08-05 10:55:04
"22631",2021-08-05 15:20:04
"22632",2021-08-05 15:45:04
"22636",2021-08-06 02:40:15
"22642",2021-08-09 08:15:12
"22644",2021-08-09 10:25:08
"22645",2021-08-09 10:30:05
"22646",2021-08-09 10:30:09
"22647",2021-08-09 10:35:11
"22648",2021-08-09 11:15:11
"22649",2021-08-09 11:25:07
"22650",2021-08-09 11:25:12
"22651",2021-08-09 11:40:10
"22652",2021-08-09 11:45:11
"22653",2021-08-09 11:50:11
"22654",2021-08-09 11:50:16
"22655",2021-08-09 12:00:13
"22656",2021-08-09 12:00:18
"22657",2021-08-09 17:40:08
"22660",2021-08-10 08:20:04
"22708",2021-08-10 17:50:14
"22723",2021-08-12 07:10:03
"22727",2021-08-12 23:15:14
"22730",2021-08-13 12:15:04
"22737",2021-08-18 08:50:03
"22739",2021-08-18 09:40:14
"22751",2021-08-19 11:45:14
"22754",2021-08-19 13:55:04
"22757",2021-08-20 13:05:13
"22769",2021-08-25 05:45:13
"22781",2021-08-25 10:05:13
"22794",2021-08-27 12:30:04
"22799",2021-08-27 13:10:04
"22801",2021-08-27 14:10:15
"22806",2021-08-30 13:35:03
"22816",2021-09-02 07:35:04
"23199",2021-09-03 06:45:04
"23208",2021-09-07 17:05:04
"23233",2021-09-09 08:10:17
"23235",2021-09-09 09:50:03
"23240",2021-09-12 15:35:03
"23253",2021-09-16 14:30:04
"23261",2021-09-17 10:00:14
"23262",2021-09-17 15:15:13
"23272",2021-09-21 15:25:03
"23286",2021-09-24 03:15:13
"23288",2021-09-24 12:25:04
"23290",2021-09-28 06:20:04
"23303",2021-09-29 11:55:05
"23311",2021-09-30 14:40:14
"23312",2021-10-01 05:15:13
"23313",2021-10-01 11:55:03
"23327",2021-10-05 07:40:20
"23330",2021-10-05 14:10:16
"23333",2021-10-06 15:40:03
"23339",2021-10-07 16:25:13
"23340",2021-10-07 19:50:04
"23342",2021-10-08 00:45:04
"23348",2021-10-11 09:05:03
"23351",2021-10-11 12:50:03
"23369",2021-10-18 13:00:17
"23370",2021-10-19 10:45:03
"23372",2021-10-20 11:40:04
"23383",2021-10-24 16:10:13
"23388",2021-10-25 13:55:46
"23398",2021-10-28 11:05:12
"23401",2021-10-28 14:35:11
"23403",2021-10-29 09:25:13
"23407",2021-10-29 20:45:03
"23413",2021-10-31 21:40:12
"23415",2021-11-01 14:10:18
"23416",2021-11-02 03:30:11
"23419",2021-11-02 08:20:03
"23422",2021-11-02 13:05:03
"23423",2021-11-02 13:45:11
"23424",2021-11-02 14:10:13
"23425",2021-11-02 14:30:03
"23427",2021-11-02 23:15:04
"23431",2021-11-03 07:30:18
"23441",2021-11-06 08:40:04
"23458",2021-11-09 06:45:03
"23465",2021-11-10 07:25:12
"23482",2021-11-14 07:10:13
"23484",2021-11-15 15:10:05
"23485",2021-11-15 19:10:03
"23489",2021-11-16 23:35:10
"23490",2021-11-17 10:40:12
"23491",2021-11-17 10:40:14
"23495",2021-11-17 18:45:03
"23498",2021-11-19 03:55:14
"23524",2021-11-23 04:35:13
"23525",2021-11-23 05:40:04
"23532",2021-11-23 12:45:05
"23537",2021-11-23 17:30:12
"23558",2021-11-29 08:20:12
"23561",2021-11-29 19:20:03
"23566",2021-11-30 09:55:12
"23574",2021-11-30 16:35:12
"23581",2021-12-03 19:30:13
"23582",2021-12-04 22:00:12
"23583",2021-12-06 00:25:23
"23590",2021-12-07 06:35:19
"23591",2021-12-07 09:00:05
"23592",2021-12-07 13:05:14
"23601",2021-12-09 09:25:28
"23608",2021-12-13 11:25:04
"23612",2021-12-14 06:20:03
"23617",2021-12-14 10:50:03
"23618",2021-12-14 14:00:27
"23621",2021-12-15 08:15:07
"23629",2021-12-18 08:55:10
"23630",2021-12-18 11:20:12
"23631",2021-12-18 11:50:03
"23636",2021-12-20 12:55:03
"23639",2021-12-21 07:30:16
"23647",2021-12-22 09:15:13
"23650",2021-12-22 11:00:04
"23659",2021-12-25 15:25:12
"23660",2021-12-26 00:10:11
"23661",2021-12-26 00:10:14
"23662",2021-12-26 16:45:11
"23680",2022-01-01 19:00:10
"23683",2022-01-03 13:45:03
"23686",2022-01-04 16:45:12
"23688",2022-01-05 07:15:04
"23689",2022-01-05 12:30:04
"23695",2022-01-06 10:35:06
"23716",2022-01-11 09:30:13
"23718",2022-01-11 18:15:07
"23723",2022-01-12 15:05:10
"23726",2022-01-13 07:25:03
"23727",2022-01-13 09:45:19
"23730",2022-01-13 11:15:03
"23733",2022-01-13 12:45:14
"23738",2022-01-14 11:10:10
"23741",2022-01-14 18:05:11
"23745",2022-01-16 19:20:06
"23746",2022-01-17 07:05:12
"23748",2022-01-17 21:25:13
"23752",2022-01-18 13:00:05
"23753",2022-01-18 14:25:13
"23756",2022-01-19 09:30:19
"23762",2022-01-19 10:45:18
"23766",2022-01-19 16:00:05
"23768",2022-01-19 23:05:12
"23772",2022-01-20 15:20:05
"23774",2022-01-21 11:00:53
"23776",2022-01-21 16:15:04
"23779",2022-01-22 14:55:05
"23780",2022-01-22 21:40:27
"23781",2022-01-23 15:50:05
"23785",2022-01-24 10:20:06
"23796",2022-01-25 10:25:10
"23801",2022-01-25 15:30:03
"23808",2022-01-26 11:15:16
"23813",2022-01-27 09:21:21
"23817",2022-01-28 12:25:10
"23832",2022-02-01 12:00:12
"23840",2022-02-02 13:40:07
"23845",2022-02-02 15:25:09
"23878",2022-02-03 21:20:04
"23898",2022-02-04 13:35:10
"23904",2022-02-04 14:55:08
"23911",2022-02-05 11:00:05
"23916",2022-02-07 03:40:11
"23919",2022-02-07 10:05:08
"23928",2022-02-08 08:40:12
"23964",2022-02-14 05:45:05
"23996",2022-02-16 11:15:05
"24023",2022-02-16 16:55:04
"24031",2022-02-19 02:25:12
"24034",2022-02-21 07:25:04
"24035",2022-02-21 07:55:11
"24045",2022-02-22 23:45:13
"24055",2022-02-24 01:55:13
"24058",2022-02-24 05:15:25
"24059",2022-02-24 07:00:12
"24060",2022-02-24 07:05:12
"24061",2022-02-24 08:10:16
"24069",2022-02-25 04:25:12
"24096",2022-03-01 17:20:12
"24097",2022-03-01 20:55:05
"24117",2022-03-03 20:15:07
"24144",2022-03-04 13:15:05
"24163",2022-03-09 10:20:03
"24165",2022-03-09 20:30:15
"24170",2022-03-10 07:15:05
"24172",2022-03-10 09:00:13
"24189",2022-03-13 06:15:16
"24193",2022-03-13 12:45:05
"24194",2022-03-14 07:05:11
"24196",2022-03-14 17:50:11
"24197",2022-03-15 00:15:16
"24199",2022-03-15 01:15:13
"24202",2022-03-15 10:10:06
"24206",2022-03-16 21:40:05
"24207",2022-03-16 21:45:04
"24208",2022-03-16 21:45:07
"24209",2022-03-17 13:05:04
"24213",2022-03-17 14:35:03
"24215",2022-03-17 23:30:06
"24218",2022-03-18 08:05:06
"24219",2022-03-18 09:30:04
"24221",2022-03-18 10:50:20
"24222",2022-03-18 11:50:04
"24226",2022-03-20 08:05:04
"24228",2022-03-20 17:55:05
"24232",2022-03-21 08:20:05
"24234",2022-03-21 10:50:06
"24248",2022-03-22 11:25:04
"24251",2022-03-23 12:40:06
"24252",2022-03-23 15:10:05
"24253",2022-03-24 14:30:05
"24254",2022-03-24 14:30:08
"24255",2022-03-24 14:45:06
"24257",2022-03-25 06:20:10
"24258",2022-03-25 08:50:13
"24261",2022-03-28 18:20:04
"24275",2022-03-31 09:00:04
"24276",2022-03-31 09:40:16
"24278",2022-04-01 05:30:17
"24281",2022-04-01 13:25:04
"24283",2022-04-02 09:30:08
"24286",2022-04-05 14:00:21
"24288",2022-04-06 03:05:20
"24291",2022-04-06 10:35:13
"24293",2022-04-06 23:15:19
"24294",2022-04-07 05:55:14
"24295",2022-04-07 07:05:25
"24297",2022-04-08 08:35:40
"24301",2022-04-10 10:50:05
"24303",2022-04-11 07:05:12
"24304",2022-04-11 15:10:05
"24305",2022-04-11 18:15:05
"24307",2022-04-12 01:46:48
"24309",2022-04-12 15:15:04
"24317",2022-04-14 21:00:16
"24320",2022-04-15 12:35:05
"24329",2022-04-18 12:15:04
"24331",2022-04-18 15:15:04
"24335",2022-04-20 16:00:06
"24344",2022-04-24 14:55:13
"24347",2022-04-25 15:40:11
"24348",2022-04-25 15:55:13
"24350",2022-04-25 23:55:26
"24351",2022-04-26 00:10:12
"24353",2022-04-26 23:55:05
"24358",2022-04-27 12:15:07
"24361",2022-04-29 12:50:12
"24366",2022-05-01 22:55:13
"24367",2022-05-01 23:00:12
"24370",2022-05-03 03:40:13
"24375",2022-05-03 08:20:04
"24378",2022-05-04 00:30:13
"24379",2022-05-04 02:30:05
"24380",2022-05-04 02:30:06
"24383",2022-05-05 17:30:05
"24385",2022-05-06 07:05:04
"24391",2022-05-08 13:35:13
"24392",2022-05-08 20:05:12
"24395",2022-05-09 03:30:13
"24400",2022-05-10 03:05:15
"24401",2022-05-10 07:05:12
"24402",2022-05-10 15:20:14
"24404",2022-05-10 17:25:14
"24409",2022-05-12 04:00:14
"24411",2022-05-12 06:55:06
"24412",2022-05-12 08:50:05
"24413",2022-05-12 09:10:12
"24415",2022-05-12 17:20:04
"24417",2022-05-13 02:20:05
"24422",2022-05-14 04:20:13
"24424",2022-05-15 11:20:13
"24432",2022-05-16 15:25:04
"24434",2022-05-16 19:45:03
"24435",2022-05-17 05:40:12
"24436",2022-05-17 10:15:04
"24438",2022-05-17 11:30:06
"24441",2022-05-18 05:25:12
"24445",2022-05-18 10:58:40
"24446",2022-05-18 15:20:04
"24450",2022-05-19 13:45:12
"24452",2022-05-20 08:20:05
"24454",2022-05-20 12:10:12
"24465",2022-05-22 23:45:12
"24467",2022-05-23 08:15:47
"24484",2022-05-24 05:45:13
"24489",2022-05-26 16:40:04
"24494",2022-05-29 18:10:04
"24495",2022-05-29 19:00:07
"24496",2022-05-29 19:00:08
"24497",2022-05-30 04:15:15
"24498",2022-05-30 15:45:10
"24499",2022-06-02 02:15:11
"24505",2022-06-03 08:25:05
"24507",2022-06-03 19:10:04
"24510",2022-06-04 14:45:04
"24514",2022-06-06 14:45:14
"24524",2022-06-09 08:35:05
"24528",2022-06-13 01:30:19
"24529",2022-06-13 01:45:19
"24542",2022-06-13 13:50:10
"24543",2022-06-13 17:15:05
"24550",2022-06-14 15:45:12
"24553",2022-06-15 13:10:04
"24554",2022-06-15 13:30:15
"24557",2022-06-16 06:05:09
"24558",2022-06-16 10:10:12
"24559",2022-06-16 10:55:03
"24563",2022-06-17 23:30:04
"24565",2022-06-20 08:20:11
"24566",2022-06-20 11:40:10
"24569",2022-06-20 18:00:10
"24573",2022-06-21 07:46:40
"24574",2022-06-21 07:52:05
"24577",2022-06-21 17:50:04
"24578",2022-06-22 06:30:03
"24583",2022-06-23 07:25:03
"24589",2022-06-24 09:30:04
"24590",2022-06-24 11:20:12
"24602",2022-06-27 07:40:09
"24609",2022-06-29 10:25:04
"24623",2022-07-01 10:05:05
"24630",2022-07-05 07:00:12
"24633",2022-07-06 08:35:12
"24641",2022-07-13 00:55:11
"24661",2022-07-14 11:35:11
"24662",2022-07-14 15:45:11
"24665",2022-07-15 11:10:09
"24667",2022-07-15 12:40:04
"24689",2022-07-15 21:00:05
"24693",2022-07-18 07:15:14
"24697",2022-07-18 15:05:05
"24709",2022-07-19 16:40:04
"24710",2022-07-19 17:45:04
"24719",2022-07-20 14:05:03
"24726",2022-07-21 09:10:04
"24734",2022-07-23 18:45:04
"24737",2022-07-25 08:35:10
"24743",2022-07-26 11:20:12
"24759",2022-07-29 08:15:04
"24770",2022-08-01 11:00:04
"24776",2022-08-02 11:10:09
"24777",2022-08-02 23:40:10
"24779",2022-08-04 01:55:05
"24781",2022-08-05 12:00:05
"24788",2022-08-08 08:35:13
"24791",2022-08-08 18:05:09
"24793",2022-08-09 06:05:11
"24795",2022-08-09 11:05:12
"24799",2022-08-10 00:50:10
"24802",2022-08-11 08:40:12
"24803",2022-08-11 11:25:14
"24806",2022-08-15 08:35:14
"24818",2022-08-17 06:50:18
"24819",2022-08-17 10:20:04
"24820",2022-08-17 12:10:12
"24821",2022-08-17 13:20:04
"24825",2022-08-18 14:00:05
"24828",2022-08-19 09:00:05
"24830",2022-08-19 13:35:06
"24833",2022-08-20 15:50:14
"24834",2022-08-21 12:20:04
"24841",2022-08-22 11:40:13
"24843",2022-08-22 15:40:09
"24845",2022-08-23 02:25:12
"24847",2022-08-23 08:15:04
"24852",2022-08-23 20:15:04
"24865",2022-08-29 07:15:11
"24870",2022-08-29 19:10:26
"24876",2022-08-30 10:40:04
"24878",2022-08-30 11:05:06
"24881",2022-08-31 13:15:05
"24889",2022-09-02 12:45:04
"24890",2022-09-02 16:10:04
"24899",2022-09-05 10:40:11
"24901",2022-09-05 20:55:12
"24906",2022-09-07 07:50:11
"24907",2022-09-07 10:20:13
"24908",2022-09-07 10:30:08
"24909",2022-09-07 10:55:05
"24911",2022-09-07 14:10:10
"24912",2022-09-07 14:40:09
"24917",2022-09-09 11:30:13
"24922",2022-09-12 08:20:11
"24927",2022-09-14 06:45:10
"24929",2022-09-14 14:45:04
"24936",2022-09-16 09:40:09
"24937",2022-09-16 11:55:10
"24938",2022-09-16 19:45:08
"24941",2022-09-18 03:45:11
"24942",2022-09-19 00:25:09
"24943",2022-09-19 07:40:10
"24944",2022-09-20 05:20:10
"24946",2022-09-20 12:05:11
"24949",2022-09-21 10:05:11
"24954",2022-09-22 06:40:04
"24958",2022-09-22 14:00:03
"24963",2022-09-24 01:05:09
"24965",2022-09-24 08:05:09
"24969",2022-09-26 04:00:10
"24970",2022-09-26 09:05:11
"24974",2022-09-26 12:30:13
"24976",2022-09-26 19:30:04
"24979",2022-09-27 11:35:10
"24980",2022-09-27 12:00:05
"24983",2022-09-27 15:00:04
"24984",2022-09-27 15:10:05
"24985",2022-09-27 18:10:13
"24989",2022-09-28 10:35:10
"24992",2022-09-29 00:50:11
"24993",2022-09-29 04:45:10
"25001",2022-09-30 09:25:11
"25006",2022-10-03 00:15:05
"25009",2022-10-03 12:00:05
"25019",2022-10-05 02:20:09
"25021",2022-10-05 09:00:12
"25036",2022-10-06 16:00:15
"25037",2022-10-06 16:45:10
"25038",2022-10-06 16:55:18
"25045",2022-10-07 11:35:05
"25050",2022-10-07 18:50:09
"25066",2022-10-12 05:50:11
"25069",2022-10-12 13:20:11
"25072",2022-10-13 09:20:11
"25086",2022-10-14 15:30:04
"25090",2022-10-17 07:55:11
"25093",2022-10-17 08:00:10
"25094",2022-10-17 11:05:10
"25099",2022-10-17 18:55:12
"25100",2022-10-17 23:50:10
"25102",2022-10-19 02:50:11
"25104",2022-10-19 04:50:11
"25108",2022-10-19 10:15:16
"25110",2022-10-19 12:00:05
"25114",2022-10-20 03:35:11
"25120",2022-10-21 01:00:10
"25121",2022-10-21 06:40:09
"25127",2022-10-22 12:30:05
"25128",2022-10-25 02:20:10
"25146",2022-10-25 11:20:08
"25149",2022-10-25 18:15:09
"25150",2022-10-25 21:35:04
"25151",2022-10-25 22:10:12
"25152",2022-10-26 06:30:11
"25155",2022-10-26 08:35:11
"25161",2022-10-27 08:45:03
"25167",2022-10-28 04:55:10
"25168",2022-10-28 07:50:12
"25177",2022-10-30 12:25:05
"25193",2022-11-03 09:30:10
"25206",2022-11-03 13:50:15
"25211",2022-11-04 07:55:12
"25218",2022-11-07 07:20:13
"25222",2022-11-07 22:05:10
"25226",2022-11-08 07:40:09
"25227",2022-11-08 08:40:09
"25228",2022-11-08 10:35:12
"25235",2022-11-09 11:25:13
"25238",2022-11-09 11:35:10
"25239",2022-11-09 19:50:10
"25241",2022-11-10 06:40:10
"25244",2022-11-10 09:35:11
"25249",2022-11-10 13:00:11
"25251",2022-11-10 14:55:10
"25257",2022-11-12 11:00:05
"25260",2022-11-12 17:10:10
"25263",2022-11-14 06:00:11
"25265",2022-11-14 06:45:11
"25267",2022-11-14 10:40:09
"25268",2022-11-14 12:11:17
"25269",2022-11-14 13:10:04
"25297",2022-11-15 07:25:18
"25300",2022-11-15 09:45:11
"25315",2022-11-15 15:10:06
"25316",2022-11-15 19:10:11
"25319",2022-11-16 06:05:13
"25323",2022-11-16 10:05:10
"25344",2022-11-17 06:05:09
"25346",2022-11-17 07:35:13
"25347",2022-11-17 12:10:06
"25352",2022-11-18 00:40:10
"25353",2022-11-18 01:35:18
"25363",2022-11-21 05:40:09
"25367",2022-11-21 07:35:14
"25368",2022-11-21 07:50:11
"25380",2022-11-21 10:40:09
"25391",2022-11-21 11:05:10
"25405",2022-11-21 12:25:10
"25408",2022-11-21 12:45:10
"25410",2022-11-22 04:15:10
"25412",2022-11-22 09:30:11
"25413",2022-11-22 14:25:11
"25414",2022-11-22 15:40:12
"25416",2022-11-23 05:25:41
"25424",2022-11-25 04:20:11
"25425",2022-11-25 11:00:48
"25430",2022-11-28 06:51:37
"25433",2022-11-28 07:35:22
"25437",2022-11-28 15:25:04
"25438",2022-11-28 16:46:46
"25441",2022-11-29 09:35:11
"25444",2022-11-30 15:10:12
"25445",2022-11-30 19:45:07
"25447",2022-11-30 23:45:17
"25449",2022-12-01 12:30:14
"25452",2022-12-02 08:10:10
"25456",2022-12-02 10:15:11
"25459",2022-12-05 06:05:06
"25461",2022-12-05 06:55:12
"25464",2022-12-05 15:15:14
"25470",2022-12-06 06:10:11
"25471",2022-12-06 17:00:05
"25472",2022-12-07 05:25:13
"25474",2022-12-07 10:08:48
"25477",2022-12-07 13:10:07
"25482",2022-12-08 08:45:12
"25488",2022-12-09 12:35:06
"25490",2022-12-10 06:40:09
"25494",2022-12-12 15:30:08
"25495",2022-12-12 22:35:12
"25496",2022-12-13 08:55:09
"25498",2022-12-13 12:54:23
"25499",2022-12-13 13:10:03
"25500",2022-12-13 14:30:04
"25505",2022-12-14 11:40:13
"25506",2022-12-15 04:25:09
